pension_contribution_date,pension_contribution_id,member_name,contribution_amount
1/13/12,CA-2012-137526,Philip Brown,612
1/13/12,CA-2012-169677,Karen Seio,10
1/13/14,CA-2014-108000,Linda Southworth,10
1/13/14,US-2014-148551,David Bremer,761
1/13/14,US-2014-158512,Dianna Arnett,78
1/14/11,CA-2011-109232,Natalie DeCherney,546
1/14/11,CA-2011-118192,Michael Moore,41
1/14/11,CA-2011-157147,Brian Dahlen,1680
1/14/11,CA-2011-162775,Chris Selesnick,1287
1/14/13,CA-2013-133368,Anna Gayman,405
1/14/14,US-2014-167402,Cathy Prescott,4619
1/15/11,CA-2011-149524,Brendan Sweed,62
1/15/13,CA-2013-137848,William Brown,126
1/15/13,CA-2013-140746,Roy Collins,182
1/15/13,CA-2013-152072,Dean percer,312
1/15/13,CA-2013-166912,Bill Eplett,82
1/15/14,CA-2014-113278,Hallie Redmond,359
1/15/14,CA-2014-127306,Brosina Hoffman,175
1/15/14,CA-2014-138779,Rob Beeghly,30
1/15/14,CA-2014-149076,Sean O'Donnell,155
1/15/14,US-2014-106131,Tracy Poddar,338
1/16/11,CA-2011-103366,Erica Hackney,150
1/16/13,CA-2013-121755,Eric Hoffmann,102
1/16/14,CA-2014-152961,Sanjit Chand,13
1/16/14,CA-2014-160934,Tonja Turnell,21
1/16/14,CA-2014-167752,Robert Waldorf,1959
1/16/14,US-2014-104661,Tim Brockman,148
1/17/11,CA-2011-115791,Delfina Latchford,300
1/17/12,CA-2012-151547,Amy Hunt,89
1/17/12,CA-2012-152681,Scott Cohen,7
1/17/12,US-2012-101399,Joni Sundaresam,255
1/17/13,CA-2013-106558,Dionis Lloyd,316
1/17/13,CA-2013-116736,Chuck Clark,725
1/17/14,CA-2014-125913,Jack O'Briant,428
1/17/14,CA-2014-138289,Andy Reiter,5803
